{"cameraMode":{"drawMode":0,"name":"Shaded","section":"Shading Mode"},"sceneLighting":true,"audioPlay":false,"sceneViewState":{"showFog":true,"showMaterialUpdate":false,"showSkybox":true,"showFlares":true,"showImageEffects":true,"showParticleSystems":true,"showVisualEffectGraphs":true,"m_FxEnabled":true},"in2DMode":false,"pivot":{"x":-39.12577819824219,"y":7.412538051605225,"z":-17.079811096191408},"rotation":{"x":-0.022425377741456033,"y":0.08089268207550049,"z":0.0018194003496319056,"w":0.9964768290519714},"size":0.7141428589820862,"orthographic":false}