{"cameraMode":{"drawMode":0,"name":"Shaded","section":"Shading Mode"},"sceneLighting":true,"audioPlay":false,"sceneViewState":{"showFog":true,"showMaterialUpdate":false,"showSkybox":true,"showFlares":true,"showImageEffects":true,"showParticleSystems":true,"showVisualEffectGraphs":true,"m_FxEnabled":true},"in2DMode":false,"pivot":{"x":583.3567504882813,"y":253.9776611328125,"z":-6.989233493804932},"rotation":{"x":0.08835883438587189,"y":-0.02390371821820736,"z":0.0021210263948887588,"w":0.9957975149154663},"size":295.39117431640627,"orthographic":false}